,0,1
0,INDIA,19
1,TODAY,16
2,US,11
3,BT,9
4,MARKET,6
5,TAK,5
6,TECH,5
7,STOCKS,5
8,NEWS,4
9,S,4
10,SHORT,4
11,SAYS,4
12,TRADE TALKS,4
13,MAGAZINE,3
14,EDUCATION,3
15,APRIL,3
16,TARIFFS,3
17,CUT,3
18,MUTUAL FUNDS,3
19,BUSINESS,2
20,BAZAAR,2
21,FM,2
22,SUBSCRIBE,2
23,BUDGET,2
24,MONEY,2
25,INDUSTRY,2
26,VISUAL,2
27,STORIES,2
28,REELS,2
29,PMS,2
30,UPSTART,2
31,WEATHER,2
32,ELECTION,2
33,INDICES,2
34,HOME,2
35,TRENDING,2
36,PHARMA,2
37,REAL,2
38,ESTATE,2
39,LATEST,2
40,CENTRE,2
41,CAPEX,2
42,FEBRUARY,2
43,YEAR,2
44,FINANCIAL,2
45,RS,2
46,CRORE,2
47,DAD,2
48,RECIPROCAL,2
49,GROWTH,2
50,MAY,2
51,AMID,2
52,MIDDLE,2
53,CLASS,2
54,SAURABH,2
55,MUKHERJEA,2
56,WARNS,2
57,ADDED,2
58,CHINA,2
59,ECONOMY,2
60,NIRMALA,2
61,SITHARAMAN,2
62,JAISHANKAR,2
63,MINDRUSH,2
64,NORTHEAST,1
65,GAMING,1
66,COSMOPOLITAN,1
67,HARPER,1
68,BRIDES,1
69,ISHQ,1
70,AAJ,1
71,ICHOWK,1
72,KISAN,1
73,LALLANTOP,1
74,MALYALAM,1
75,BANGLA,1
76,SPORTS,1
77,CRIME,1
78,AAJTAK,1
79,CAMPUS,1
80,ASTRO,1
81,ANALYSIS,1
82,COVER,1
83,STORY,1
84,EDITOR,1
85,NOTE,1
86,DEEP,1
87,DIVE,1
88,INTERVIEW,1
89,BUZZ,1
90,TV,1
91,EASYNOMICS,1
92,DRIVE,1
93,EXPLAINER,1
94,LIST,1
95,SHARE,1
96,IPO,1
97,CORNER,1
98,UNBOX,1
99,AUTHEN,1
100,DECK,1
101,INVESTMENT,1
102,INSURANCE,1
103,TOOLS,1
104,CALCULATOR,1
105,BANKING,1
106,ENERGY,1
107,COMMODITIES,1
108,TELECOM,1
109,FEEDBACK,1
110,SLOWS,1
111,FULL,1
112,TARGET,1
113,MOS,1
114,COMMERCE,1
115,RAJYA,1
116,SABHA,1
117,CONTINUES,1
118,ENGAGE,1
119,ACHIEVE,1
120,ENHANCEMENT,1
121,BROADENING,1
122,BILATERAL,1
123,TRADE,1
124,TIES,1
125,COUNTRIES,1
126,AHEAD,1
127,PLANNER,1
128,GDP,1
129,HYPE,1
130,NDA,1
131,GOVT,1
132,BORROW,1
133,LAKH,1
134,H1,1
135,FY26,1
136,RAISED,1
137,SGRBS,1
138,PROGRESS,1
139,SIGNS,1
140,DEADLOCK,1
141,JUSTICE,1
142,VARMA,1
143,TRANSFER,1
144,CJI,1
145,SANJIV,1
146,KHANNA,1
147,MEETS,1
148,BAR,1
149,BODIES,1
150,ASSURES,1
151,CONSIDERATION,1
152,DEMAND,1
153,WORLD,1
154,RECESSION',1
155,RICH,1
156,POOR,1
157,AUTHOR,1
158,ROBERT,1
159,KIYOSAKI,1
160,URGES,1
161,PEOPLE,1
162,ACT,1
163,FAST,1
164,COMMENCE,1
165,REMAINS,1
166,HOPEFUL,1
167,ESCAPING,1
168,MOMENTUM,1
169,HOLDS,1
170,FIRM,1
171,DESPITE,1
172,GLOBAL,1
173,CHALLENGES,1
174,FINANCE,1
175,MINISTRY,1
176,IMPORT,1
177,DUTIES,1
178,HARLEY,1
179,BIKES,1
180,BOURBON,1
181,WHISKEY,1
182,SOURCES,1
183,CBI,1
184,SEARCHES,1
185,FORMER,1
186,CHHATTISGARH,1
187,CM,1
188,BHUPESH,1
189,BAGHEL,1
190,RESIDENCES,1
191,RAIPUR,1
192,BHILAI,1
193,GOOGLE,1
194,TAX',1
195,END,1
196,LEVY,1
197,FOREIGN,1
198,DIGITAL,1
199,ADS,1
200,LOOMING,1
201,INDUSTRIAL,1
202,EYES,1
203,CONCESSIONS,1
204,BORROWING,1
205,SURVIVE',1
206,MARCELLUS',1
207,SOUNDS,1
208,ALARM,1
209,SALARIES,1
210,FLAT,1
211,LAKH',1
212,LOSING,1
213,GROUND,1
214,1T,1
215,TWO,1
216,INVESTOR,1
217,FLAGS,1
218,LAG,1
219,CURRENT,1
220,PACE,1
221,FALL,1
222,KEEPS,1
223,AFLOAT,1
224,SHANKAR,1
225,SHARMA,1
226,PARALLEL,1
227,SHIELDS,1
228,DON,1
229,T,1
230,KNOW,1
231,NUMBERS,1
232,HITS,1
233,BACK,1
234,CLAIMS,1
235,TAMIL,1
236,NADU,1
237,GETS,1
238,LITTLE,1
239,STATE,1
240,ROOM,1
241,GST,1
242,DECISIONS,1
243,COLLECTIVE,1
244,CHENNAI,1
245,EVENT,1
246,HARDER,1
247,JOB,1
248,WEST,1
249,BUILT,1
250,RUNNING,1
251,KEY,1
252,COUNTRY,1
253,WILL,1
254,FOLLOW,1
255,FIRST',1
256,APPROACH,1
257,FTAS,1
258,LOAD,1
259,HOT,1
260,MUST,1
261,READ,1
262,CORPORATE,1
263,COVID,1
264,LIFESTYLE,1
265,CONTACT,1
266,ADVERTISE,1
267,PRIVACY,1
268,POLICY,1
269,TERMS,1
270,CONDITIONS,1
271,PARTNERS,1
272,PRESS,1
273,RELEASES,1
274,ADD,1
275,SCREEN,1
